{
  "name": "MIIIW BlackIO98",
  "vendorId": "0x3044",
  "productId": "0x98A1",
  "lighting": {
  "extends": "qmk_rgblight",
  "keycodes": "qmk",
  "underglowEffects": [
      ["None", 0],
      ["SOLID_COLOR", 1],
      ["GRADIENT_UP_DOWN", 1],
      ["GRADIENT_LEFT_RIGHT", 1],
      ["BREATHING", 1],
      ["BAND_SAT", 1],
      ["BAND_VAL", 1],
      ["BAND_PINWHEEL_SAT", 1],
      ["BAND_PINWHEEL_VAL", 1],
      ["BAND_SPIRAL_SAT", 1],
      ["BAND_SPIRAL_VAL", 1],
      ["CYCLE_ALL", 1],
      ["CYCLE_LEFT_RIGHT", 1],
      ["CYCLE_UP_DOWN", 1],
      ["RAINBOW_MOVING_CHEVRON", 1],
      ["CYCLE_OUT_IN", 1],
      ["CYCLE_OUT_IN_DUAL", 1],
      ["CYCLE_PINWHEEL", 1],
      ["CYCLE_SPIRAL", 1],
      ["DUAL_BEACON", 1],
      ["RAINBOW_BEACON", 1],
      ["RAINBOW_PINWHEELS", 1],
      ["RAINDROPS", 1],
      ["JELLYBEAN_RAINDROPS", 1],
      ["HUE_BREATHING", 1],
      ["HUE_PENDULUM", 1],
      ["HUE_WAVE", 1],
      ["PIXEL_RAIN", 1],
      ["PIXEL_FLOW", 1],
      ["PIXEL_FRACTAL", 1],
      ["TYPING_HEATMAP", 1],
      ["DIGITAL_RAIN", 1],
      ["SOLID_REACTIVE_SIMPLE", 1],
      ["SOLID_REACTIVE", 1],
      ["SOLID_REACTIVE_WIDE", 1],
      ["SOLID_REACTIVE_MULTIWIDE", 1],
      ["SOLID_REACTIVE_CROSS", 1],
      ["SOLID_REACTIVE_MULTICROSS", 1],
      ["SOLID_REACTIVE_NEXUS", 1],
      ["SOLID_REACTIVE_MULTINEXUS", 1],
      ["SPLASH", 1],
      ["MULTISPLASH", 1],
      ["SOLID_SPLASH", 1],
      ["SOLID_MULTISPLASH", 1]
    ]
  },
  "customKeycodes": [
    {"name": "Bluetooth Host 1", "title": "Bluetooth Host 1", "shortName": "BT1"},
    {"name": "Bluetooth Host 2", "title": "Bluetooth Host 2", "shortName": "BT2"},
    {"name": "Bluetooth Host 3", "title": "Bluetooth Host 3", "shortName": "BT3"},
    {"name": "2.4G Host", "title": "2.4G Host", "shortName": "2.4G"},
    {"name": "ALT+TAB", "title": "ALT+TAB", "shortName": "ALT_TAB"},
    {"name": "RGB Reset", "title": "RGB Reset", "shortName": "RGBRST"}
    ],
  "matrix": {"rows": 6, "cols": 18},
  "layouts": {
    "keymap": [
      [
        {
          "c": "#777777"
        },
        "0,0",
        {
    	    "x": 1.0,
          "c": "#cccccc"
        },
        "0,2",
        "0,3",
        "0,4",
        "0,5",
        {
          "x": 0.5
        },
        "0,6",
        "0,7",
        "0,8",
        "0,9",
        {
          "x": 0.5
        },
        "0,10",
        "0,11",
        "0,12",
        "0,13",
        {
          "x": 0.5
        },
        "0,14",
        "0,15",
        "0,16",
        "0,17"
      ],
      [
        {
          "y": 0.25,
          "c": "#cccccc"
        },
        "1,0",
        "1,1",
        "1,2",
        "1,3",
        "1,4",
        "1,5",
        "1,6",
        "1,7",
        "1,8",
        "1,9",
        "1,10",
        "1,11",
        "1,12",
        {
          "w": 2,
          "c": "#aaaaaa"
        },
        "1,13",
        {
          "x": 0.5
        },
        "1,14",
        "1,15",
        "1,16",
        "1,17"
      ],
      [
        {
          "w": 1.5,
          "c": "#cccccc"
        },
        "2,0",
        "2,1",
        "2,2",
        "2,3",
        "2,4",
        "2,5",
        "2,6",
        "2,7",
        "2,8",
        "2,9",
        "2,10",
        "2,11",
        "2,12",
        {
          "w": 1.5,
          "c": "#aaaaaa"
        },
        "2,13",
        {
          "x": 0.5
        },
        "2,14",
        "2,15",
        "2,16",
        {
          "h": 2
        },
        "3,17"
      ],
      [
        {
          "w": 1.75,
          "c": "#cccccc"
        },
        "3,0",
        "3,1",
        "3,2",
        "3,3",
        "3,4",
        "3,5",
        "3,6",
        "3,7",
        "3,8",
        "3,9",
        "3,10",
        "3,11",
        {
          "w": 2.25,
          "c": "#aaaaaa"
        },
        "3,12",
        {
          "x": 0.5
        },
        "3,14",
        "3,15",
        "3,16"
      ],
      [
        {
          "w": 2.25,
          "c": "#cccccc"
        },
        "4,0",
        "4,1",
        "4,2",
        "4,3",
        "4,4",
        "4,5",
        "4,6",
        "4,7",
        "4,8",
        "4,9",
        "4,10",
        {
          "w": 1.75,
          "c": "#aaaaaa"
        },
        "4,11",
        {
          "x": 0.25,
          "y": 0.25
        },
        "4,12",
        {
          "x": 0.25,
          "y": -0.25
        },
        "4,14",
        "4,15",
        "4,16",
        {
          "h": 2
        },
        "5,17"
      ],
      [
        {
          "w": 1.25,
          "c": "#cccccc"
        },
        "5,0",
        {
          "w": 1.25
        },
        "5,1",
        {
          "w": 1.25
        },
        "5,2",
        {
          "w": 6.25,
          "c": "#777777"
        },
        "5,5",
        {
          "c": "#aaaaaa"
        },
        "5,8",
        "5,9",
        "5,10",
        {
          "x": 0.25,
          "y": 0.25
        },
        "5,11",
        "5,12",
        "5,13",
        {
          "x": 0.25,
          "y": -0.25
        },
        "5,15",
        "5,16"
      ]
    ]
  }
}
