{
  "name": "MIIIW BlackIO83",
  "vendorId": "0x3044",
  "productId": "0x83A1",
  "keycodes": ["qmk_lighting"],
  "menus": [
    {
      "label": "Lighting",
      "content": [
        {
          "label": "Backlight",
          "content": [
            {
              "label": "Brightness",
              "type": "range",
              "options": [0, 255],
              "content": ["id_qmk_rgb_matrix_brightness", 3, 1]
            },
            {
              "label": "Effect",
              "type": "dropdown",
              "content": ["id_qmk_rgb_matrix_effect", 3, 2],
              "options": [
                ["None", 0],
                ["SOLID_COLOR", 1],
                ["GRADIENT_UP_DOWN", 2],
                ["GRADIENT_LEFT_RIGHT", 3],
                ["BREATHING", 4],
                ["BAND_SAT", 5],
                ["BAND_VAL", 6],
                ["BAND_PINWHEEL_SAT", 7],
                ["BAND_PINWHEEL_VAL", 8],
                ["BAND_SPIRAL_SAT", 9],
                ["BAND_SPIRAL_VAL", 10],
                ["CYCLE_ALL", 11],
                ["CYCLE_LEFT_RIGHT", 12],
                ["CYCLE_UP_DOWN", 13],
                ["RAINBOW_MOVING_CHEVRON", 14],
                ["CYCLE_OUT_IN", 15],
                ["CYCLE_OUT_IN_DUAL", 16],
                ["CYCLE_PINWHEEL", 17],
                ["CYCLE_SPIRAL", 18],
                ["DUAL_BEACON", 19],
                ["RAINBOW_BEACON", 20],
                ["RAINBOW_PINWHEELS", 21],
                ["RAINDROPS", 22],
                ["JELLYBEAN_RAINDROPS", 23],
                ["HUE_BREATHING", 24],
                ["HUE_PENDULUM", 25],
                ["HUE_WAVE", 26],
                ["PIXEL_RAIN", 27],
                ["PIXEL_FLOW", 28],
                ["PIXEL_FRACTAL", 29],
                ["TYPING_HEATMAP", 30],
                ["DIGITAL_RAIN", 31],
                ["SOLID_REACTIVE_SIMPLE", 32],
                ["SOLID_REACTIVE", 33],
                ["SOLID_REACTIVE_WIDE", 34],
                ["SOLID_REACTIVE_MULTIWIDE", 35],
                ["SOLID_REACTIVE_CROSS", 36],
                ["SOLID_REACTIVE_MULTICROSS", 37],
                ["SOLID_REACTIVE_NEXUS", 38],
                ["SOLID_REACTIVE_MULTINEXUS", 39],
                ["SPLASH", 40],
                ["MULTISPLASH", 41],
                ["SOLID_SPLASH", 42],
                ["SOLID_MULTISPLASH", 43]
              ]
            },
            {
              "showIf": "{id_qmk_rgb_matrix_effect} > 1",
              "label": "Effect Speed",
              "type": "range",
              "options": [0, 255],
              "content": ["id_qmk_rgb_matrix_effect_speed", 3, 3]
            },
            {
              "showIf": "{id_qmk_rgb_matrix_effect} != 0",
              "label": "Color",
              "type": "color",
              "content": ["id_qmk_rgb_matrix_color", 3, 4]
            }
          ]
        }
      ]
    }
  ],
  "customKeycodes": [
    {"name": "Bluetooth Host 1", "title": "Bluetooth Host 1", "shortName": "BT1"},
    {"name": "Bluetooth Host 2", "title": "Bluetooth Host 2", "shortName": "BT2"},
    {"name": "Bluetooth Host 3", "title": "Bluetooth Host 3", "shortName": "BT3"},
    {"name": "2.4G Host", "title": "2.4G Host", "shortName": "2.4G"},
    {"name": "ALT+TAB", "title": "ALT+TAB", "shortName": "ALT_TAB"},
    {"name": "RGB Reset", "title": "RGB Reset", "shortName": "RGBRST"}
    ],
  "matrix": {"rows": 6, "cols": 16},
  "layouts": {
    "keymap": [
      [
        {
          "c": "#777777"
        },
        "0,0",
        {
    	    "x": 0.25,
          "c": "#cccccc"
        },
        "0,2",
        "0,3",
        "0,4",
        "0,5",
        {
          "x": 0.25
        },
        "0,6",
        "0,7",
        "0,8",
        "0,9",
        {
          "x": 0.25
        },
        "0,10",
        "0,11",
        "0,12",
        "0,13",
        {
          "x": 0.25
        },
        "0,14",
        {
          "x": 0.5
        },
        "0,15"
      ],
      [
        {
          "y": 0.25,
          "c": "#cccccc"
        },
        "1,0",
        "1,1",
        "1,2",
        "1,3",
        "1,4",
        "1,5",
        "1,6",
        "1,7",
        "1,8",
        "1,9",
        "1,10",
        "1,11",
        "1,12",
        {
          "w": 2,
          "c": "#aaaaaa"
        },
        "1,13",
        {
          "x": 0.5
        },
        "1,15"
      ],
      [
        {
          "w": 1.5,
          "c": "#cccccc"
        },
        "2,0",
        "2,1",
        "2,2",
        "2,3",
        "2,4",
        "2,5",
        "2,6",
        "2,7",
        "2,8",
        "2,9",
        "2,10",
        "2,11",
        "2,12",
        {
          "w": 1.5,
          "c": "#aaaaaa"
        },
        "2,13",
        {
          "x": 0.5
        },
        "2,15"
      ],
      [
        {
          "w": 1.75,
          "c": "#cccccc"
        },
        "3,0",
        "3,1",
        "3,2",
        "3,3",
        "3,4",
        "3,5",
        "3,6",
        "3,7",
        "3,8",
        "3,9",
        "3,10",
        "3,11",
        {
          "w": 2.25,
          "c": "#aaaaaa"
        },
        "3,12",
        {
          "x": 0.5
        },
        "3,15"
      ],
      [
        {
          "w": 2.25,
          "c": "#cccccc"
        },
        "4,0",
        "4,1",
        "4,2",
        "4,3",
        "4,4",
        "4,5",
        "4,6",
        "4,7",
        "4,8",
        "4,9",
        "4,10",
        {
          "w": 1.75,
          "c": "#aaaaaa"
        },
        "4,11",
        {
          "x": 0.25,
          "y": 0.25
        },
        "4,13",
        {
          "x": 0.25,
          "y": -0.25
        },
        "4,15"
      ],
      [
        {
          "w": 1.25,
          "c": "#cccccc"
        },
        "5,0",
        {
          "w": 1.25
        },
        "5,1",
        {
          "w": 1.25
        },
        "5,2",
        {
          "w": 6.25,
          "c": "#777777"
        },
        "5,5",
        {
          "c": "#aaaaaa"
        },
        "5,8",
        "5,9",
        "5,10",
        {
          "x": 0.25,
          "y": 0.25
        },
        "5,12",
        "5,13",
        "5,14"
      ]
    ]
  }
}
